seqnames	start	end	width	strand	paramRangeID	REF	ALT	QUAL	FILTER	deleted	five_prime_flank	three_prime_flank	microhomology_length	is_microhomology
1	32357673	32357675	3	*	NA	CTA	C	NA	PASS	TA	ATCCATGCTCTTATACTTACTGTATC	TATGGTGGAAATGCCATAATGATGTG	2	FALSE
1	44593301	44593302	2	*	NA	CT	C	NA	PASS	T	TTCTTTCTTTCTTTTCTTTTCTTTTC	TTTCTTTCCTTCTTTCTTTCTTTCTT	1	FALSE
1	63297798	63297804	7	*	NA	ATTTTTG	A	NA	PASS	TTTTTG	AGTAACTTTATTACTGTTTAGTGAGA	ATACAATTTTGTCTTTATTTTTAGTT	0	FALSE
1	63297805	63297808	4	*	NA	ATAC	A	NA	PASS	TAC	TTATTACTGTTTAGTGAGATTTTTGA	AATTTTGTCTTTATTTTTAGTTAGCT	0	FALSE
1	73487627	73487630	4	*	NA	AAAT	A	NA	PASS	AAT	CAGAAATTTAAAGTACAGCTAATATA	AATGAGAAGCCATTTGTTTGCATTTA	3	TRUE
1	112716781	112716782	2	*	NA	TC	T	NA	PASS	C	ACGATGCCAAATCTGTTCCATTCTTT	CCTCCAAGAAACATGTGATTTTGGGC	1	FALSE
1	151931407	151931408	2	*	NA	TC	T	NA	PASS	C	CCTGATATATGAACCACACAGAAAAT	CCCCAAACTGTCTGATGCCATAACCA	1	FALSE
1	162417545	162417548	4	*	NA	TGAG	T	NA	PASS	GAG	CTAATTCTTGTATTTTTAGTGGAGAT	GTTTCAGCATGTTGGCCAGGCTGGTC	1	FALSE
1	175716133	175716137	5	*	NA	TTTTG	T	NA	PASS	TTTG	GCTGGTAATCATTGGCCCCTGGATCT	TTTGTTTGTTTGTTTGTTTGTTTGTT	4	TRUE
1	183434754	183434760	7	*	NA	TTTAGGC	T	NA	PASS	TTAGGC	GAAAGCTCGTCCAAAGAAGTTCAGAT	TTAAAGCATAGGTAGACATAAGAGTA	3	TRUE
1	188046374	188046379	6	*	NA	CTCAAT	C	NA	PASS	TCAAT	GCAAAGTGATTTTGTTTTTGTCTCTC	TCAATTCATTTTGCACAGGTATTATT	5	TRUE
1	188281642	188281652	11	*	NA	GATACGTGAAA	G	NA	PASS	ATACGTGAAA	CATAGCATGTTAATATGTACCTGAAG	ATACATGTGTGGTGGTTTTAAAGTGG	4	TRUE
1	225523712	225523720	9	*	NA	CGCATATAT	C	NA	PASS	GCATATAT	ATACACACATATGCATATATGTATAC	GCATATATGTATATACACACATATAT	8	TRUE
1	225638501	225638502	2	*	NA	GA	G	NA	PASS	A	ATAAGTAAACTGCAAAGAGAAAAGGG	AAAAAGGAAATTGTTTTCCTGGCACA	1	FALSE
2	2292131	2292132	2	*	NA	TA	T	NA	PASS	A	ACCTCAATGCAATTAAAAGGAACTTT	AAAAAATTAGATCATCATATGCCTAG	1	FALSE
2	39979489	39979490	2	*	NA	AG	A	NA	PASS	G	ACAGTGAAAAAACGATGGTGGAGCTA	GATTTATACTTGGTGTGACTCTTAAA	1	FALSE
2	124479073	124479074	2	*	NA	AT	A	NA	PASS	T	TTTTCTTTCTTTTCTTAATTAGCCAA	TTTTTCCTGTTGACCAAGTTGGAAAA	1	FALSE
2	140509460	140509461	2	*	NA	CT	C	NA	PASS	T	TAAATCACAAGCCAATTCTGTTGATC	TTTTTTTCCCATGTCACTTCTGCCAT	1	FALSE
2	141215386	141215398	13	*	NA	GCAGGATTGGGCA	G	NA	PASS	CAGGATTGGGCA	GTTCTTTATTACCAGTTAAGAGAATG	CAGGAGCTAGCTTTGCTCAGATTTAG	5	TRUE
2	147012542	147012543	2	*	NA	TA	T	NA	PASS	A	ATAGATAGATAGATAGATAGATAGAT	GATAGATGATAGATTGATAGATAGAT	0	FALSE
2	192866462	192866465	4	*	NA	TCTC	T	NA	PASS	CTC	GGAAGTTTCCCTGCACAAGCTCTCTT	TTGTCTGCTGCCACACCTTTCACCTT	0	FALSE
2	193986570	193986583	14	*	NA	AAACAAATTTACGC	A	NA	PASS	AACAAATTTACGC	ACGTTTAATTTCAGGACAACTTTTCA	TACTTGTTTTATGACATCTAACAGAT	0	FALSE
2	195512512	195512513	2	*	NA	AG	A	NA	PASS	G	CTAGTGATGCTTTCCAATAGTAGAAA	AATGACTCTCATGTTTTGAAGTACTG	0	FALSE
2	220581854	220581855	2	*	NA	GC	G	NA	PASS	C	TGCTTGAGCCTGGGAGGTGAATGTTG	CATGAGCTGAGATCACACCACTGCAC	1	FALSE
3	29645494	29645503	10	*	NA	TGTTCGGTGG	T	NA	PASS	GTTCGGTGG	TAGGGCACAAGTTGCTACTGGCATCT	GTAGAAGCCAGGATGCTGCTAATCAT	2	FALSE
3	42150814	42150815	2	*	NA	TC	T	NA	PASS	C	CATAACTCCATCAAACCCAATAAAAT	CAGATGGTTCAAAAGGTGATTCAAAG	1	FALSE
3	77578415	77578416	2	*	NA	CA	C	NA	PASS	A	CACTTTTTCAGATGACTATGGAATAC	AAAACTTTGCAACCTTATTTAGAAGT	1	FALSE
3	87604457	87604458	2	*	NA	CA	C	NA	PASS	A	AATGTAAGAATAACTAGCATATTTAC	AAAAAAAGCAATATTTGTAACTCCTA	1	FALSE
3	100487725	100487726	2	*	NA	AT	A	NA	PASS	T	TGCCCAAGGATCCAGGCTATGGCCAA	TTTTTGGTGTACCTTTTTCTACTTCA	1	FALSE
3	114803234	114803235	2	*	NA	TA	T	NA	PASS	A	TCATAACACAATAGCACTCTATGCTT	AAAAAAATACTGATTTTTAATTAGTA	1	FALSE
3	117275006	117275007	2	*	NA	GA	G	NA	PASS	A	ATAATAATAAAAAAAAAAGAAAGTTG	AAAATCTTAGCACTCAAAAAAAAAAA	1	FALSE
3	118069687	118069689	3	*	NA	CAA	C	NA	PASS	AA	ATTCATCATTCCAACAAATAATTGAC	AATTTATTTTTACTATTATATGTATA	2	FALSE
3	150659946	150659947	2	*	NA	AT	A	NA	PASS	T	TTTAAGTTTGGAGATATCTGGGGATA	CTGGGGAGTTCAAATATTAGGAAGTT	0	FALSE
3	177712819	177712821	3	*	NA	AAG	A	NA	PASS	AG	TTAATTTTATGCAATGAAAAATCTGA	GAAGTCTCTTGACTGCCTCTCTGACA	0	FALSE
3	184543328	184543329	2	*	NA	AG	A	NA	PASS	G	GACTTATGTCTAAACTTAGAAAATTA	GGGTTTTCTTAGATGTTGTTTTGTCA	1	FALSE
4	29826682	29826683	2	*	NA	AC	A	NA	PASS	C	ATTCATTGAGGGTCTTAAAATGTAGA	CCCCCCACAAATAAAGGGAAAGTATT	1	FALSE
4	36697892	36697894	3	*	NA	ATG	A	NA	PASS	TG	TCTTTCTCTCTCTCTATATATATATA	TGTGTGTGTGTGTGAGTGTATATATT	2	FALSE
4	49118371	49118383	13	*	NA	TTCCATTCCATTG	T	NA	PASS	TCCATTCCATTG	TTCCATTCCATTCCATTCCATTGCAT	CATTCCATTCCACTTGGTTGTTTCCA	0	FALSE
4	59310515	59310518	4	*	NA	AAAT	A	NA	PASS	AAT	TTTATGATACATTCAGGTGTAATAAA	AATATTTATTAGAACCTACTATGCAC	3	TRUE
4	60152533	60152534	2	*	NA	CT	C	NA	PASS	T	GATGTGATGTTATTTAGCTTTCTTTC	TTTTTTTAAAACTTGCATTTCAATCA	1	FALSE
4	61257570	61257571	2	*	NA	GT	G	NA	PASS	T	TTATATGCATAGTCTATAAGTATATG	TTTGTTGTTGTTGTTATTTCATTTTT	1	FALSE
4	81749665	81749683	19	*	NA	TGTTTGGATCATGAAACTG	T	NA	PASS	GTTTGGATCATGAAACTG	GCTGGAGGCAGGGCTTGGTAGGAGGT	GTTCCCTCATGGCTTATTGCTGTCTT	3	TRUE
4	135735665	135735666	2	*	NA	AT	A	NA	PASS	T	GAGTAACAAGATTGGCAAATAAGTGA	TTTTTTTCAACAAATGTTGGATATTC	1	FALSE
4	137949687	137949692	6	*	NA	ATAAAT	A	NA	PASS	TAAAT	AGCAGAAAATTGTTGTTACAAAAAAA	TAAATTAATTGCATAGTTTTTAAGTG	5	TRUE
4	153810930	153810935	6	*	NA	ATATAC	A	NA	PASS	TATAC	TATTATATACTATACTATATACTATA	TATATATTATATACTATACTATATAC	4	TRUE
4	153810946	153810949	4	*	NA	ATAC	A	NA	PASS	TAC	ATATACTATATATACTATATATTATA	TATACTATATACTATATATATACTAT	2	FALSE
4	167033460	167033461	2	*	NA	AT	A	NA	PASS	T	AAAAATGTAAATAGATATTGCATATA	TTTTTGAGAAATGTCTATGCAGGCCC	1	FALSE
4	187229398	187229400	3	*	NA	TCA	T	NA	PASS	CA	CAAAGAAAAAAGAGCTCAGTGGCAGT	CAGCCCAACATAAAGCACAGCTTCAA	2	FALSE
5	6467569	6467570	2	*	NA	GT	G	NA	PASS	T	CACAGGATCTGTCTCCTCTACGTGTG	CTGAATTTCCTCTTCCTAGAGGGACA	0	FALSE
5	71284434	71284456	23	*	NA	TTGATCATGTAATCCATGAGTTG	T	NA	PASS	TGATCATGTAATCCATGAGTTG	GCAAAGGATTTGTGGGAATGGGTTCT	TGTCGTTGTATCACATATTGCACTAT	2	FALSE
5	81431989	81431991	3	*	NA	CTT	C	NA	PASS	TT	TACAGCACACCGATGGGTCTTGACTC	TATCCAATTTACCAGTCTGTGTCTTT	1	FALSE
5	91698898	91698906	9	*	NA	AAGTTTAGG	A	NA	PASS	AGTTTAGG	ACTTCATCGAATTTCCTTGACTTTGA	AGCTCTTTCTTTGTGCCTACCAACCA	2	FALSE
5	105634508	105634509	2	*	NA	AT	A	NA	PASS	T	TATATGTATGTATAATAATATATATA	TTTTTCCTGGTGTGTGTGTGTGTATA	1	FALSE
5	130958965	130958967	3	*	NA	TAA	T	NA	PASS	AA	AGGAATCTTTCTTTCAAGATATTACT	GTTTCCTCCATCTGAATTGTCTCTCA	0	FALSE
5	151929785	151929786	2	*	NA	GT	G	NA	PASS	T	ATTTCTGATTACCTATCTCTGGGCTG	TTTTTTTCCCCCATAGTTCTTGTCTA	1	FALSE
5	152362959	152362960	2	*	NA	TC	T	NA	PASS	C	AAATATTTATAGTCATCAAGTTTTTT	TTTTCCCCCAGTAAGGTAGATGCTTT	0	FALSE
5	164633250	164633251	2	*	NA	AT	A	NA	PASS	T	TTTGTAAGTCACATAACAAAACTTTA	CTGTATTTTAAGAGAACCAGCAGCTA	0	FALSE
5	175859281	175859282	2	*	NA	GT	G	NA	PASS	T	ATACGCCCAAGGTGGTCAGGGCAGAG	TTAGTTTTATACATTTTAGGGAGACA	1	FALSE
6	4121521	4121522	2	*	NA	AT	A	NA	PASS	T	CAACTGTTAAGATATTTTCTCCACTA	TTTTTTAAGTTAGGCTGTTTACCTTC	1	FALSE
6	4931193	4931194	2	*	NA	AG	A	NA	PASS	G	GCACTAATTTCCACAGTTTGGGGTGA	GGGGGCGGTTTTTTTCTGAATCTCAG	1	FALSE
6	17368405	17368406	2	*	NA	AT	A	NA	PASS	T	AATTCATTTTTCTAATATTTTGTGAA	TTTTTTTGTGTGTATGTACATGATAC	1	FALSE
6	19140424	19140431	8	*	NA	CATGTATT	C	NA	PASS	ATGTATT	TTCATAAAGCATTTTGTTATCCTCAC	ATTACATGTATAACAATGTGAGCCTT	2	FALSE
6	32423955	32423956	2	*	NA	TA	T	NA	PASS	A	AAACAACTTCAGCAAAGTTTCAGGAT	AAAAAAATCAACATATAAAAATCAGC	1	FALSE
6	42171380	42171384	5	*	NA	AAAAG	A	NA	PASS	AAAG	TACAGAAAAAAAAAAGAAAGAAAAAA	AAAAATTAGCCGAGTGTGGTGATGTG	3	TRUE
6	44531572	44531605	34	*	NA	GCCCCTGTTCGAGGAGTGCTAAAAAATCTTGCGC	G	NA	PASS	CCCCTGTTCGAGGAGTGCTAAAAAATCTTGCGC	CTGAGCAGAGCGGACTCAAGCTTGGG	CCTCTGGATGCTTTTTGAAATTTCAA	2	FALSE
6	69551430	69551431	2	*	NA	AT	A	NA	PASS	T	AATCAATGGAGAAATTAAGAAGAGAA	TTAAAAATCTCTTTAAACAAATGGTA	1	FALSE
6	72528913	72528930	18	*	NA	CAAAAGAACTATCAACAG	C	NA	PASS	AAAAGAACTATCAACAG	GTTAAACTAAAGTACTTCTGTCCAGC	AGTAAAAAGACAACCTACAGAAGGGG	1	FALSE
6	106286826	106286827	2	*	NA	GA	G	NA	PASS	A	ACTTCTGCCCAAATAATGGGGGGGGG	AAAAAACCAGAAGAACATATATATTG	1	FALSE
6	115259895	115259896	2	*	NA	AT	A	NA	PASS	T	AGGATCCCAGTGTGAAGTTATCCTAA	TTTTTTTCAGGCAGAATATGTATCAC	1	FALSE
6	125416605	125416608	4	*	NA	ACGT	A	NA	PASS	CGT	CGCAGAATAATAGCATCACTCCTAGA	TGTGTCAGGGCTGTGATATGAAGCAT	0	FALSE
6	125972989	125972990	2	*	NA	TA	T	NA	PASS	A	GGATTAACAAATTGGCATTACCTTTT	AAAAATAGAATACTGATTTTATAGAC	1	FALSE
6	139974746	139974747	2	*	NA	GA	G	NA	PASS	A	GAGGAATACAAGCAAAACAATGGGGG	AAAAAACCCAAAAAACAAAAACAAAA	1	FALSE
6	145432067	145432068	2	*	NA	TA	T	NA	PASS	A	CTTTCTTATTCCATTTGAGATGCTGT	AAAAAAATACCATAAACTGGGAGGTT	1	FALSE
7	39145017	39145018	2	*	NA	AT	A	NA	PASS	T	AATTAAATAAGTTCTATGTTTTAGAA	TTTTTTTAACCTCAGGTTTTTTTTTT	1	FALSE
7	40778077	40778079	3	*	NA	GAA	G	NA	PASS	AA	AGATACACATAAAACTAAAAACTTAG	AGGTTGCATATATATAGGTTAAAAAT	1	FALSE
7	48321017	48321018	2	*	NA	TG	T	NA	PASS	G	ATGGAGATGCTGCAGAAAGTGAAGAT	ATGGTCGTACGTGTGCTCACCATCGT	0	FALSE
7	61530208	61530209	2	*	NA	AG	A	NA	PASS	G	TGTTGAACCTTTCTTTTGTTTGAGCA	TTTGGAAAGAGTATTTTTGTAGAATC	0	FALSE
7	62649624	62649625	2	*	NA	TC	T	NA	PASS	C	CTATCTATCTATCATCTATCTATCAT	ATCTATCTATCTATCCATACATACAT	0	FALSE
7	70478730	70478732	3	*	NA	GAA	G	NA	PASS	AA	GAAAGGAGAAAGAAAGAGAGAAAGAG	AGAAAGAAAGAGAAAAGGGAAGAAGG	1	FALSE
7	85494301	85494302	2	*	NA	CA	C	NA	PASS	A	ACTCATTATAGAGTTTATTTGAGCCC	ATACTGGGAATGACCATCTGGGAAAC	1	FALSE
7	86496667	86496669	3	*	NA	CAG	C	NA	PASS	AG	TCAAACAAGTAGGCACACTCAGACAC	AGTCTCCCCAGGCACTGAGCCATAAA	2	FALSE
7	114104419	114104421	3	*	NA	TAG	T	NA	PASS	AG	TTTAAAAAAGGAAAGCAGTGTTCACT	AAGCAACCATGAGTTCACAGAGAAAA	1	FALSE
7	140513040	140513042	3	*	NA	TGA	T	NA	PASS	GA	CCCAAGAGAAAAAGGGAAAAATATAT	GAGACAGGTCCCAGAAACAGAAGTAG	2	FALSE
8	1375063	1375064	2	*	NA	GA	G	NA	PASS	A	GATTACTCCAATGCATATGAAAGGGG	AAAAAATAACAACAGAAGATACAGGA	1	FALSE
8	24531772	24531776	5	*	NA	ATACT	A	NA	PASS	TACT	AGTATATTGCAGGGATTAAAAGTACA	TTGGAGCCGGATAGCCTTGGTTCAAA	1	FALSE
8	31809819	31809820	2	*	NA	AT	A	NA	PASS	T	GTGTAAAGAACTTATTACAAATCAAA	CATAACATAATAATTGATACTGAACA	0	FALSE
8	41210971	41210972	2	*	NA	TG	T	NA	PASS	G	ATGTGGGCTCTTTTTTGGTTCCATAT	AACTTTAAAGTAGTTTTTTCCAATTC	0	FALSE
8	73001635	73001636	2	*	NA	CA	C	NA	PASS	A	ACCACAACCCACACGAGTAAGACCAC	AAAAAAAGTTCTTATCTCATGAAGAA	1	FALSE
8	79902371	79902374	4	*	NA	CATG	C	NA	PASS	ATG	CTTCTGTGCTTCCTGATGCCCTGCAC	AACTTTCTCATGCTGTGTTATAATTA	1	FALSE
8	81313774	81313778	5	*	NA	AAAAT	A	NA	PASS	AAAT	GCAACAAGAGTGAAACTCTGCCTCAA	AAATAAATATATATATATATATATAT	4	TRUE
8	81935854	81935855	2	*	NA	GA	G	NA	PASS	A	GGAGAGAGAGAGAGAGAAAGAGAGAG	AAAAAAGGGAGAGAGAGGGAAAGACA	1	FALSE
8	85842324	85842337	14	*	NA	TGTGTATAATTAAC	T	NA	PASS	GTGTATAATTAAC	TACTTTAATTTGTGAAAGTGTATAAT	GTGTATAATATGTGAAAACACGTATG	9	TRUE
8	88556071	88556072	2	*	NA	AT	A	NA	PASS	T	AATCATTTTTAGTCCCTACTCTGACA	TTTTTTGAAGTTTTCTCTTTTTCAAG	1	FALSE
8	103038232	103038242	11	*	NA	GGAAAGTCCCT	G	NA	PASS	GAAAGTCCCT	GAAGGAGAAGTATGAGCAAAAGCAGG	TATAAAACCATCAGATATTGTAAGAA	0	FALSE
8	111914671	111914672	2	*	NA	TG	T	NA	PASS	G	GAAAGAGCTTCCAGTTTTGCCTTGCT	TTGCTGAATGTTAGGTATCTTATTCT	0	FALSE
8	132319110	132319111	2	*	NA	CA	C	NA	PASS	A	CAAGACAATGATATAACAACAACAAC	AAAAAAACTGAAAATCAATATCCTTG	1	FALSE
8	137400206	137400207	2	*	NA	CT	C	NA	PASS	T	CTCGCACCTTAGAATTTTATTTTTCC	TTTTTTATAATTAAGTGTGATTAGGA	1	FALSE
8	138019102	138019120	19	*	NA	TGTTTTGTTCCACTAATTG	T	NA	PASS	GTTTTGTTCCACTAATTG	AAAGCATGACACGTATAGGCTTCATT	TAATCCCTTATCATCTTTCCAAGTCC	0	FALSE
9	79287985	79287986	2	*	NA	GA	G	NA	PASS	A	AACTAAAATCAGAGCAGAACTGAAGG	AATAGAGATACAAAAAACCCTTCAAA	1	FALSE
9	101352129	101352151	23	*	NA	TGGGACCACAGGTGCACACCACC	T	NA	PASS	GGGACCACAGGTGCACACCACC	CTCCCACCTCAGCCTCCTGAGTACCT	ACCACCACACTAATTTTTTAATTTTT	0	FALSE
9	124363145	124363154	10	*	NA	GCGCCTGGCT	G	NA	PASS	CGCCTGGCT	GTTTTTTCGAGGTGAGGCGTAGAAGG	CGTAGGACAGCCATCTTAAGCAGCCG	2	FALSE
10	9332803	9332804	2	*	NA	AT	A	NA	PASS	T	CAGCATCAGTATCTCGGTATGGTCTA	TTTTTTCCCCCATTTGTTACCATAAA	1	FALSE
10	35423229	35423236	8	*	NA	CTGCCTCT	C	NA	PASS	TGCCTCT	GCGCGATCTTGGCTCACTGCAACCTC	TGGGTTCAAGCAGTTCTCCTGCCTCA	2	FALSE
10	56092067	56092072	6	*	NA	TATATA	T	NA	PASS	ATATA	ATATAATCTATATTACATATTATTAT	ATATAATATAATCTATATTATATATT	5	TRUE
10	84808224	84808226	3	*	NA	TAA	T	NA	PASS	AA	ATAAAAAAGAATTTATTTTTATATAT	GAGTTAAACAAACAAATGAAGCACAA	0	FALSE
11	17269552	17269553	2	*	NA	AT	A	NA	PASS	T	GGGTTTGTAGTTCTTTTTAAATTTAA	TTAATTTTTTAAAATTTTTGAGATAG	1	FALSE
11	60710957	60710958	2	*	NA	TC	T	NA	PASS	C	AGCAGGAGGAAGCTGTCTCCAGAGTT	CTCTTGCCGTACCACCGAGGGAGTTG	1	FALSE
11	81699219	81699221	3	*	NA	CTT	C	NA	PASS	TT	CCACTATGCTTCTTGCCATTGTGAGC	GTTTCAAACTAGCCAACCCCTTTTCA	0	FALSE
11	84937205	84937206	2	*	NA	TA	T	NA	PASS	A	AATATATGTGTTATAATTTTTATAAT	AAAATAATATAATTGCATATTCTAAT	1	FALSE
11	132594687	132594688	2	*	NA	CA	C	NA	PASS	A	GCCATTCCAAACGGAAGAAATTGGCC	AAACAAAGGGGCTACAGGCCCCATGC	1	FALSE
12	7644193	7644197	5	*	NA	ATAAT	A	NA	PASS	TAAT	AAATAGATCTACAAAGAGCTTTAACA	TAGAGACATAATTAACTAGAATTACT	2	FALSE
12	26984863	26984864	2	*	NA	TA	T	NA	PASS	A	ATACATATATGTGTATATATATATAT	TTTTTCCCCCCATTCAACTCGAATCT	0	FALSE
12	49218439	49218443	5	*	NA	CCTTT	C	NA	PASS	CTTT	TTCTTCTCTCTCTCTCTTTCACCTCC	CTTCTCAGGAGATCTGGGAACCCTTC	3	TRUE
12	128536880	128536881	2	*	NA	AT	A	NA	PASS	T	TATGCAGACAAAGAGACCAATAAACA	TTGGAGAATAAAAGCTTATTTTTCTC	1	FALSE
13	43173477	43173478	2	*	NA	CT	C	NA	PASS	T	TCTATCTATCTATCTATCTATCTATC	ATCTATCATCTATCTATCTATCTATC	0	FALSE
13	54407509	54407510	2	*	NA	GA	G	NA	PASS	A	TGATTTAATTAATCTACTATTTATGG	CATTTGGATTGTTTACACTTTGGGGA	0	FALSE
13	65896443	65896454	12	*	NA	CTCGGATTAGAA	C	NA	PASS	TCGGATTAGAA	ACAGATAGGGAAAGGCCAAGAAAAGC	TTGGAATCCTTGATATTAACTTGAGA	1	FALSE
13	69008748	69008749	2	*	NA	TA	T	NA	PASS	A	TAGATCTGCAGAATACACTTTGCTTT	AAAAAAATTATAGGCATATATATGTA	1	FALSE
13	75896445	75896448	4	*	NA	AATG	A	NA	PASS	ATG	AACATACAGAAAACAAGGATTTTTTA	ATCTTAGAAATTTAAAAGTTTGCCAT	2	FALSE
13	105408694	105408695	2	*	NA	TC	T	NA	PASS	C	ATTATATATGCAATAATTTATTATAT	CTGGTAGTCAATGCAACTTTGTTTTA	1	FALSE
13	109390460	109390461	2	*	NA	AT	A	NA	PASS	T	CCTGGATTCATTGATATTTTGAAGGA	TTTTTTTGTGTTTCTATCTCCTTCAG	1	FALSE
13	110363413	110363416	4	*	NA	AGTG	A	NA	PASS	GTG	AGATCACAACCAATTTGCAAGAGCAA	GGAAGAAAGCTGACTACTCCTTCACC	1	FALSE
14	21468874	21468876	3	*	NA	GCC	G	NA	PASS	CC	TCAATCTCCTGACCTCAAGTGATCTG	CACTTCAGTCTCCCAAAGTGCTAGGA	1	FALSE
14	36413139	36413140	2	*	NA	CA	C	NA	PASS	A	TGTAAAACTGACTTACCCCCCACCAC	AAAAAAGGAAAATAATCTGCTTTTAA	1	FALSE
14	44608077	44608079	3	*	NA	CTG	C	NA	PASS	TG	ATTGTAACACAGTATATCAATCACTC	TTATATTCTAATTAATTGAATTATTT	1	FALSE
14	56614030	56614033	4	*	NA	TTAG	T	NA	PASS	TAG	ATGTATATTTTTCTTTGGTAGGTACT	TAGTGGAATTGCTAGGTCTTGTGATG	3	TRUE
14	99263903	99263906	4	*	NA	GTCT	G	NA	PASS	TCT	GGCCAGACTAGAAAACCTGTTTCTTG	TCTTTTTGTCTGAACCCTAGAGTCTA	3	TRUE
15	45038712	45038713	2	*	NA	TA	T	NA	PASS	A	AATAGCATAAACCAATAATTGTATAT	AAAAAAGAAATCAATCTTAGTTTAAA	1	FALSE
15	97855818	97855819	2	*	NA	CA	C	NA	PASS	A	TTTAATGTTATTTCATTCAAAATAAC	AAAAAAAGAGCTTTTACAAAATGATG	1	FALSE
16	30436839	30436840	2	*	NA	CA	C	NA	PASS	A	AACAACAAAACAAAACAAAATGAAAC	AAAAAAATTGGCTGGGTGCCATGGCT	1	FALSE
16	32432857	32432859	3	*	NA	ACT	A	NA	PASS	CT	AACTTAACTTTAATAACATACAAAAA	CTACTTCTTTACACCTCCTTCTCACT	2	FALSE
16	61433720	61433721	2	*	NA	TA	T	NA	PASS	A	TTCACTTCTTTCTTCATAATTAGCAT	AAAACACATTTTTCTCTGGGTCTTCA	1	FALSE
16	63549950	63549951	2	*	NA	TA	T	NA	PASS	A	ATTTGACTGCTTCTTTTAAAATCACT	AAAAAAGATTCTATTCTCTCCACTTT	1	FALSE
16	73718483	73718484	2	*	NA	TG	T	NA	PASS	G	AAACCCACAAATATGTTGGGTTACAT	GCAAAGAGGATTTAAGGTTGCAGATG	1	FALSE
16	83455567	83455568	2	*	NA	AT	A	NA	PASS	T	TATTTTGGTTGCTAAAATTGATGGCA	TTCTTACTTTTTAAAAAACTGTCATA	1	FALSE
17	9482525	9482526	2	*	NA	TA	T	NA	PASS	A	TTATTTTAAAAAACTATACTAGCTCT	AAAAAAAGAGGGAGAGAGAGAAAAGA	1	FALSE
17	13548147	13548148	2	*	NA	TC	T	NA	PASS	C	CCTTTAGAGAAAAGATCCAGAAACTT	TTCCTGGACTTCTGATGAGAGAATAG	0	FALSE
17	30140154	30140159	6	*	NA	CTCTCT	C	NA	PASS	TCTCT	AAAAAAAGGAATTTCCCTGCACAAGC	TCTCTTCTCTGCTGCCATGTGAGACG	5	TRUE
17	37967558	37967562	5	*	NA	GAGAA	G	NA	PASS	AGAA	AAGGGAGGAAATAAAAAAAGAGAAAG	AGAGAGAAGGAAAGAAAGAAAGAAAG	3	TRUE
18	35735162	35735163	2	*	NA	GT	G	NA	PASS	T	CTCTTCATAGGTTATTTAGAAATGTG	TTTTTAATTAATAAATATTTGTAGCT	1	FALSE
18	38785322	38785323	2	*	NA	TA	T	NA	PASS	A	TGTGGAAGAGTCATGTCCTCTTCCAT	AAATGGAAAAAAGAATGCCTGTACTT	1	FALSE
18	49457696	49457698	3	*	NA	CAT	C	NA	PASS	AT	TTTATTGCTCTGTAGTATTCCATTTC	ATATATATATTAGTTTATCCACTTTA	2	FALSE
18	55601159	55601160	2	*	NA	TA	T	NA	PASS	A	TACAAGAAAATGGCAAAGTGCCACGT	AAAATTTTTTTTTTTTTTTTGAGACA	1	FALSE
18	75508199	75508204	6	*	NA	CTATCT	C	NA	PASS	TATCT	TCCTATCTATCTATCTATCATCTATC	ATCTATCTATCTATCTATCTATCTAT	0	FALSE
18	75721451	75721452	2	*	NA	AG	A	NA	PASS	G	ATTAGCTAATTAGTTATGCTGTACAA	AACACATTTACTTAAATCATCCACTG	0	FALSE
19	6753561	6753564	4	*	NA	CTCG	C	NA	PASS	TCG	GGGTGCGCAACAGCCGCTCACAGCTC	TCCAGCGGCCCCGCGACTTCCTCGCC	2	FALSE
19	15728339	15728341	3	*	NA	ATC	A	NA	PASS	TC	TATCTATCTATCTATCTATCTATCTA	TATCAGTCCGTCTGTCTGTCTATGAT	1	FALSE
19	15728343	15728345	3	*	NA	ATC	A	NA	PASS	TC	TATCTATCTATCTATCTATCTATCTA	AGTCCGTCTGTCTGTCTATGATCTAT	0	FALSE
19	47347172	47347173	2	*	NA	CT	C	NA	PASS	T	AAAAACACCAAAAAACAAAAACAACC	TTCTTTTTTTTTTGAGAGGAGTCTTG	1	FALSE
19	50722159	50722163	5	*	NA	CTCCA	C	NA	PASS	TCCA	GAGTTACCTCACTTACAATAATGGTC	ATTTCATCCAGGTTGCTGTGAATGCC	0	FALSE
19	54905704	54905708	5	*	NA	GAAGA	G	NA	PASS	AAGA	ATAAAATAAGAATAAGAAGAAGAAAG	AAGAAGAAGAAGAGGAAGAGGAAGAG	4	TRUE
20	1598654	1598656	3	*	NA	CAT	C	NA	PASS	AT	ATATATGTATATATACACACACACAC	ATATATGTATATATAGACACACACAT	2	FALSE
20	26286115	26286117	3	*	NA	CTT	C	NA	PASS	TT	TTTCATAGAGCAGTTTTCAAACACTC	ATGTGGAATTTGCAACTTGATATTTG	0	FALSE
20	30990790	30990791	2	*	NA	CT	C	NA	PASS	T	TTTTTTGGTGTCATATCTAAGCACTC	TTGGCTAACAAAATTTTCTCTTTTTT	1	FALSE
20	41372168	41372172	5	*	NA	AGGCG	A	NA	PASS	GGCG	TTTAGAAAGGAATTCCATTGTTTTAA	GGAATAAGCGTGAAGCCTGGCCTTAG	2	FALSE
20	43792862	43792878	17	*	NA	CCAGAAACCATGTTTGT	C	NA	PASS	CAGAAACCATGTTTGT	TAAGATATTAGCTTCAGATTTCTTGC	CAGAAGGCAATGAGAAAACATTTTCA	5	TRUE
20	59169641	59169643	3	*	NA	ATG	A	NA	PASS	TG	CCTGAGTGTTTATGCTTGCAAAAATA	TGTTATTCTTGTCGATTTTATTGCAT	2	FALSE
21	15414639	15414654	16	*	NA	CCTCATGGCCAGAAAG	C	NA	PASS	CTCATGGCCAGAAAG	CATAAGATCAGGAATATTTCATGTGC	AAAAATCTCATAATTCTCGAGGCATT	0	FALSE
21	15536999	15537000	2	*	NA	AT	A	NA	PASS	T	GTTCCAATATTATATTTTTATGTGGA	TTTTTTCTCTATAATTCCCTATTGGC	1	FALSE
21	21675070	21675071	2	*	NA	TG	T	NA	PASS	G	CGTTACAATTTACATTTCTAGGTTTT	TTTTACATTTTTAGTATTTTCATTTA	0	FALSE
21	28765373	28765375	3	*	NA	CAT	C	NA	PASS	AT	ATATTAACCCCAATTTCTAAAGTAAC	ATGTTCAAGGTAAAAACATTTTGAGA	2	FALSE
21	34740192	34740197	6	*	NA	CTCTTT	C	NA	PASS	TCTTT	GCAAGGAAAAAGAGGGAGAGCTTATC	TCTTTTCTTTTCTTTTCTTTTCTTTT	5	TRUE
21	37479002	37479003	2	*	NA	GA	G	NA	PASS	A	GGAAAAGAATGGTTATCATATTTGAG	AAAAAAAGGGGGGGGGGTAGAATTTA	1	FALSE
21	48118720	48118739	20	*	NA	TGTGCCGCGTCTCCCCAACA	T	NA	PASS	GTGCCGCGTCTCCCCAACA	GAGGCGCCGGCGTGCGTCTATGCCCT	GCGCCGCGCCTCTCTGCGCCTGCGCC	1	FALSE
22	37634202	37634203	2	*	NA	GT	G	NA	PASS	T	GTTCACGGTTTGCGCATTAAGATGAG	TTTAAGTGTGAAGGGAGCCACAGGAG	1	FALSE
22	38403314	38403334	21	*	NA	GAGTGGGCTCAGCCATAGGGC	G	NA	PASS	AGTGGGCTCAGCCATAGGGC	GGAACCTTTCAAGAAGGCAGAGGGAG	AGACCCTGAGGGGCTCACAGGGCATG	2	FALSE
X	8757975	8757976	2	*	NA	CA	C	NA	PASS	A	CATCTTTTTAACATGTTTTTACATGC	AAAATATATTTTTAAACATGTTGTTA	1	FALSE
X	22633428	22633429	2	*	NA	TA	T	NA	PASS	A	GTGCTCATGTACCCTAAAACTTAGAT	AAAAAAAGACAATGCAACTTTTAGAA	1	FALSE
X	30888388	30888389	2	*	NA	TA	T	NA	PASS	A	TTCTAATATATTTAAAAGATTTTTTT	AAAAATGAATAATCAGTCTCATTAAC	1	FALSE
X	38540955	38540956	2	*	NA	TC	T	NA	PASS	C	TCCTATGTATTACAGATGAGATCTCT	CCTTTAAAGAAAGCCTAAATTTAGCA	1	FALSE
X	53037054	53037055	2	*	NA	AG	A	NA	PASS	G	TAAAGCCATACTTACATTGCTATAAA	AAACATCTGAGGCTGAGTGATTTACA	0	FALSE
X	63277634	63277635	2	*	NA	TG	T	NA	PASS	G	CCTATGAGTGAGAACATACGGAGTTT	TTTTTTTTATCCTTGTGATAGTTTGC	0	FALSE
X	81260712	81260716	5	*	NA	TTGTC	T	NA	PASS	TGTC	CAAATATTTTCTCTCACTCTGTAGGT	TGTTTACTGATTATTTCTTTTGCTGT	3	TRUE
X	91847733	91847736	4	*	NA	AAAC	A	NA	PASS	AAC	TGACAGAGCAAGACTCCGTCTCAGAA	AACAACAACAAAAGATTCAAATGCCA	3	TRUE
X	135999087	135999102	16	*	NA	TTCTTCCTCTTCCTCC	T	NA	PASS	TCTTCCTCTTCCTCC	CTCCTCCCCCTCCTCCTTCTTCTTAT	TCTTCCTCTTCCTCCTCTTCCTCTTC	15	TRUE
X	142609794	142609795	2	*	NA	AT	A	NA	PASS	T	TCCCTACAAAGGACATGAAGTCATCA	TTTTTTATGGCTGCATAGTATTCCAT	1	FALSE
